/AllSavers i p,https,,,default/UHC-TPA,navDeepDive,UHCH_AllSavers
/medicare i p,https,,,default/UHC-TPA,navDeepDive,UHCH_medicare
/relate i p,https,,,default/UHC-TPA,navDeepDive,UHCH_relate
/hearing i p,https,,,default/UHC-TPA,navDeepDive,UHCH_hearing
/SHBP i p,https,,,default/UHC-TPA,navDeepDive,UHCH_SHBP
/employee i p,https,,,default/UHC-TPA,navDeepDive,UHCH_employee
/TRB i p,https,,,default/UHC-TPA,navDeepDive,UHCH_TRB
/SNP i p,https,,,default/UHC-TPA,navDeepDive,UHCH_SNP